Name	Pos	Year	College	RAS	AllTime
Clayton Coll	LS	2024	Ball State	10	10
Adonai Mitchell	WR	2024	Texas	9.99	9.99
Brandon Coleman	OG	2024	Texas Christian	9.98	9.98
Mason McCormick	OG	2024	South Dakota State	9.97	9.97
Isaac Guerendo	RB	2024	Louisville	9.97	9.97
Jarrett Kingston	OG	2024	Southern California	9.94	9.94
Justin Strong	RB	2024	Southern Illinois	9.94	9.94
Theo Johnson	TE	2024	Penn State	9.93	9.93
Tip Reiman	TE	2024	Illinois	9.92	9.92
Myles Cole	DE	2024	Texas Tech	9.92	9.92
Rome Odunze	WR	2024	Washington	9.92	9.92
Ruke Orhorhoro	DT	2024	Clemson	9.92	9.92
Devontez Walker	WR	2024	North Carolina	9.92	9.92
Bo Richter	LB	2024	Air Force	9.92	9.92
Ricky Pearsall	WR	2024	Florida	9.91	9.91
Joe Alt	OT	2024	Notre Dame	9.91	9.91
Braden Fiske	DT	2024	Florida State	9.89	9.89
Ryan Flournoy	WR	2024	Southeast Missouri	9.89	9.89
Xavier Legette	WR	2024	South Carolina	9.89	9.89
Dylan McMahon	OC	2024	North Carolina State	9.88	9.88
Jarrian Jones	CB	2024	Florida State	9.88	9.88
C.J. Hanson	OG	2024	Holy Cross	9.87	9.87
Cole Bishop	FS	2024	Utah	9.87	9.87
Tylan Grable	OT	2024	Central Florida	9.85	9.85
Beaux Limmer	OG	2024	Arkansas	9.83	9.83
Frank Crum	OT	2024	Wyoming	9.83	9.83
Brian Thomas Jr.	WR	2024	Louisiana State	9.82	9.82
Payton Wilson	LB	2024	North Carolina State	9.81	9.81
Jaylen Wright	RB	2024	Tennessee	9.8	9.8
Casey Rogers	DT	2024	Oregon	9.8	9.8
Quinyon Mitchell	CB	2024	Toledo	9.79	9.79
Tanor Bortolini	OG	2024	Wisconsin	9.79	9.79
Tyrone Tracy Jr.	RB	2024	Purdue	9.77	9.77
Patrick Paul	OT	2024	Houston	9.75	9.75
Davius Richard	QB	2024	North Carolina Central	9.74	9.74
Ben Sinnott	TE	2024	Kansas State	9.72	9.72
Chop Robinson	DE	2024	Penn State	9.72	9.72
Bub Means	WR	2024	Pittsburgh	9.71	9.71
Trey Taylor	FS	2024	Air Force	9.71	9.71
Tyler Guyton	OT	2024	Oklahoma	9.71	9.71
Jared Wiley	TE	2024	Texas Christian	9.71	9.71
Trey Benson	RB	2024	Florida State	9.7	9.7
Johnny Wilson	WR	2024	Florida State	9.69	9.69
Luke Brubacher	DE	2024	Wilfrid Laurier	9.67	9.67
Edefuan Ulofoshio	LB	2024	Washington	9.66	9.66
Decamerion Richardson	CB	2024	Mississippi State	9.66	9.66
Christian Mahogany	OG	2024	Boston College	9.65	9.65
Michael Chris-Ike	RB	2024	Delaware State	9.65	9.65
Ryan Watts	FS	2024	Texas	9.64	9.64
Cedric Johnson	DE	2024	Mississippi	9.63	9.63
Roger Rosengarten	OT	2024	Washington	9.62	9.62
John Huggins	FS	2024	Jackson State	9.61	9.61
Taliese Fuaga	OT	2024	Oregon State	9.6	9.6
Max Melton	CB	2024	Rutgers	9.58	9.58
Olumuyiwa Fashanu	OT	2024	Penn State	9.58	9.58
Amarius Mims	OT	2024	Georgia	9.57	9.57
John Laulu	DT	2024	Oklahoma	9.57	9.57
Colson Yankoff	FB	2024	UCLA	9.57	9.57
Jared Verse	DE	2024	Florida State	9.56	9.56
Jacob Monk	OC	2024	Duke	9.56	9.56
Marshawn Kneeland	DT	2024	Western Michigan	9.55	9.55
Will Shipley	RB	2024	Clemson	9.55	9.55
Emany Johnson	SS	2024	Nevada	9.54	9.54
Devaughn Vele	WR	2024	Utah	9.53	9.53
Kendarin Ray	SS	2024	Tulsa	9.49	9.49
Troy Fautanu	OT	2024	Washington	9.44	9.44
Nate Wiggins	CB	2024	Clemson	9.43	9.43
Jake Dorn	DT	2024	West Florida	9.43	9.43
Luke McCaffrey	WR	2024	Rice	9.42	9.42
Cornelius Johnson	WR	2024	Michigan	9.41	9.41
Nick Gargiulo	OC	2024	South Carolina	9.41	9.41
Xavier Worthy	WR	2024	Texas	9.4	9.4
Tyreek Johnson	DE	2024	South Carolina	9.4	9.4
Kingsley Suamataia	OT	2024	Brigham Young	9.38	9.38
Sokoya McDuffie	DT	2024	Connecticut	9.33	9.33
Kedon Slovis	QB	2024	Brigham Young	9.32	9.32
Ladd McConkey	WR	2024	Georgia	9.32	9.32
Joe Andreessen	LB	2024	Buffalo	9.32	9.32
Laiatu Latu	DE	2024	UCLA	9.31	9.31
Trevin Wallace	LB	2024	Kentucky	9.31	9.31
Cooper Beebe	OG	2024	Kansas State	9.3	9.3
Jordan Magee	LB	2024	Temple	9.3	9.3
Edgerrin Cooper	LB	2024	Texas A&M	9.26	9.26
Michael Hall Jr.	DT	2024	Ohio State	9.26	9.26
Gabriel Murphy	DE	2024	UCLA	9.23	9.23
Trevor Keegan	OG	2024	Michigan	9.23	9.23
Terrion Arnold	CB	2024	Alabama	9.22	9.22
Gabe Hall	DT	2024	Baylor	9.2	9.2
Jordan Morgan	OT	2024	Arizona	9.2	9.2
Tanner Mordecai	QB	2024	Wisconsin	9.2	9.2
Dominique Hampton	FS	2024	Washington	9.19	9.19
Javontae Jean-Baptiste	DE	2024	Notre Dame	9.19	9.19
Jalyx Hunt	DE	2024	Houston Christian	9.17	9.17
Logan Lee	DT	2024	Iowa	9.16	9.16
Rocky Lombardi	QB	2024	Northern Illinois	9.16	9.16
Kingsley Eguakun	OG	2024	Florida	9.13	9.13
Christian Haynes	OG	2024	Connecticut	9.12	9.12
Jermaine Burton	WR	2024	Alabama	9.07	9.07
Marcus Rogers	WR	2024	Troy	9.07	9.07
Isaiah Davis	RB	2024	South Dakota State	9.01	9.01
Luke Benson	FB	2024	Georgia Tech	9.01	9.01
Maason Smith	DT	2024	Louisiana State	8.99	8.99
Troy Franklin	WR	2024	Oregon	8.98	8.98
Jaden Hicks	FS	2024	Washington State	8.97	8.97
Byron Murphy II	DT	2024	Texas	8.96	8.96
Dubem Okonkwo	LB	2024	Pittsburg State	8.96	8.96
Adisa Isaac	DE	2024	Penn State	8.95	8.95
Cam Hart	CB	2024	Notre Dame	8.93	8.93
Kris Jenkins	DT	2024	Michigan	8.93	8.93
Elijah Jones	CB	2024	Boston College	8.92	8.92
Cole Burgess	WR	2024	Cortland State	8.92	8.92
William Mote	LS	2024	Georgia	8.9	8.9
Jaylen Key	FS	2024	Alabama	8.89	8.89
Karsen Barnhart	OG	2024	Michigan	8.89	8.89
Michael Dowell	SS	2024	Miami OH	8.89	8.89
Cam Allen	FS	2024	Purdue	8.87	8.87
Benjamin Labrosse	CB	2024	McGill	8.84	8.84
Anthony Gould	WR	2024	Oregon State	8.83	8.83
Kimani Vidal	RB	2024	Troy	8.82	8.82
Riley Sharp	LB	2024	Oregon State	8.82	8.82
Chigozie Anusiem	CB	2024	Colorado State	8.81	8.81
Jaden Crumedy	DT	2024	Mississippi State	8.81	8.81
Dallas Turner	DE	2024	Alabama	8.81	8.81
Ja'Lynn Polk	WR	2024	Washington	8.81	8.81
Brady Latham	OG	2024	Arkansas	8.79	8.79
Dylan Laube	RB	2024	New Hampshire	8.75	8.75
Jake Walrath	PK	2024	Central Michigan	8.75	8.75
Dadrion Taylor-Demerson	FS	2024	Texas Tech	8.74	8.74
Joe Evans	LB	2024	Iowa	8.71	8.71
Chris Braswell	DE	2024	Alabama	8.68	8.68
Darius Robinson	DT	2024	Missouri	8.67	8.67
Grayson Murphy	DE	2024	UCLA	8.66	8.66
Marquis Wilson	CB	2024	Purdue	8.65	8.65
Garret Greenfield	OT	2024	South Dakota State	8.63	8.63
Cole Dow	WR	2024	Dayton	8.63	8.63
Jake Heimlicher	DE	2024	UCLA	8.63	8.63
Willie Drew	CB	2024	Virginia State	8.62	8.62
Jalen McMillan	WR	2024	Washington	8.59	8.59
Matt Lee	OC	2024	Miami	8.58	8.58
MarShawn Lloyd	RB	2024	Southern California	8.58	8.58
AJ Barner	TE	2024	Michigan	8.58	8.58
Brandon Dorlus	DT	2024	Oregon	8.57	8.57
Renardo Green	CB	2024	Florida State	8.56	8.56
Sione Vaki	SS	2024	Utah	8.55	8.55
Brennan Jackson	DE	2024	Washington State	8.54	8.54
Roman Wilson	WR	2024	Michigan	8.54	8.54
Frederik Antoine	WR	2024	Laval	8.52	8.52
Malik Washington	WR	2024	Virginia	8.51	8.51
Deantre Prince	CB	2024	Mississippi	8.49	8.49
Jalen Coker	WR	2024	Holy Cross	8.48	8.48
Kyler Baugh	DT	2024	Minnesota	8.47	8.47
Duke Clemens	OC	2024	UCLA	8.47	8.47
Alex Nobles	LB	2024	Florida International	8.46	8.46
Curtis Jacobs	LB	2024	Penn State	8.44	8.44
Jaheim Bell	TE	2024	Florida State	8.43	8.43
Jaylen Harrell	DE	2024	Michigan	8.41	8.41
Ja'Tavion Sanders	TE	2024	Texas	8.4	8.4
Nick D'Ambra	LS	2024	Fresno State	8.4	8.4
Mike Sainristil	CB	2024	Michigan	8.39	8.39
Prince Pines	OG	2024	Tulane	8.38	8.38
Rashad Wisdom	SS	2024	UTSA	8.38	8.38
Coleton Smith	LB	2024	Tulsa	8.37	8.37
Thomas Harper	SS	2024	Notre Dame	8.34	8.34
Justin Blazek	DE	2024	Wisconsin-Platteville	8.33	8.33
Jabari Ellis	DT	2024	South Carolina	8.31	8.31
George Holani	RB	2024	Boise State	8.28	8.28
Jaaron Hayek	WR	2024	Villanova	8.28	8.28
Dakota Caton	WR	2024	Indiana State	8.28	8.28
Eric Watts	DE	2024	Connecticut	8.26	8.26
Blake Corum	RB	2024	Michigan	8.26	8.26
Michael Pratt	QB	2024	Tulane	8.25	8.25
JeQuan Burton	WR	2024	Florida Atlantic	8.25	8.25
Harold Joiner III	LB	2024	Michigan State	8.24	8.24
Myles Harden	CB	2024	South Dakota	8.23	8.23
Jaylon Carlies	FS	2024	Missouri	8.23	8.23
Trazon Connley	QB	2024	Prairie View A&M	8.21	8.21
Cedric Gray	LB	2024	North Carolina	8.2	8.2
Charles Turner III	OG	2024	Louisiana State	8.19	8.19
Caedan Wallace	OT	2024	Penn State	8.18	8.18
Javon Bullard	FS	2024	Georgia	8.18	8.18
Brannen Goodman	DT	2024	Saginaw Valley State	8.18	8.18
Rico Payton	CB	2024	Pittsburg State	8.17	8.17
Dominick Puni	OG	2024	Kansas	8.14	8.14
Kitan Oladapo	FS	2024	Oregon State	8.14	8.14
Cade Stover	TE	2024	Ohio State	8.12	8.12
Xavier Thomas	DE	2024	Clemson	8.11	8.11
Evan Williams	FS	2024	Oregon	8.11	8.11
Keon Coleman	WR	2024	Florida State	8.1	8.1
Mark Ho Ching	DT	2024	Northern Arizona	8.08	8.08
Daequan Hardy	CB	2024	Penn State	8.07	8.07
Mekhi Wingo	DT	2024	Louisiana State	8.06	8.06
Alex Johnson	CB	2024	UCLA	8.05	8.05
Andru Phillips	CB	2024	Kentucky	8.04	8.04
Jac Cassante	LS	2024	Southern California	8.04	8.04
Kendall Milton	RB	2024	Georgia	8.01	8.01
Myles Sims	CB	2024	Georgia Tech	7.99	7.99
Sanoussi Kane	SS	2024	Purdue	7.97	7.97
Matthew Cindric	OC	2024	California	7.96	7.96
Isaiah Johnson	FS	2024	Syracuse	7.94	7.94
Jarveon Howard	RB	2024	Alcorn State	7.93	7.93
Kyle Bahnsen	DT	2024	Colorado Mines	7.92	7.92
Mohamed Kamara	DE	2024	Colorado State	7.91	7.91
DeWayne Carter	DT	2024	Duke	7.9	7.9
Millard Bradford	SS	2024	Texas Christian	7.89	7.89
Danny Abraham	LB	2024	Villanova	7.84	7.84
Kyle Cass	FS	2024	Valdosta State	7.84	7.84
Monroe Young	WR	2024	California	7.83	7.83
Khyree Jackson	CB	2024	Oregon	7.8	7.8
Nick Torres	OT	2024	Villanova	7.77	7.77
Javon Baker	WR	2024	Central Florida	7.76	7.76
Nathaniel Dumoulin Duguay	OG	2024	Laval	7.76	7.76
Myles McHaney IV	LB	2024	Prairie View A&M	7.74	7.74
Brandon Matterson	DT	2024	UTSA	7.72	7.72
Walter Rouse	OT	2024	Oklahoma	7.71	7.71
Bo Bauer	LB	2024	Notre Dame	7.71	7.71
Kyle Hergel	OG	2024	Boston College	7.69	7.69
Nehemiah Pritchett	CB	2024	Auburn	7.68	7.68
Zion Puckett	SS	2024	Auburn	7.67	7.67
Sedrick Van Pran-Granger	OG	2024	Georgia	7.66	7.66
Gottlieb Ayedze	OT	2024	Maryland	7.64	7.64
Blake Fisher	OT	2024	Notre Dame	7.64	7.64
Loren Strickland	SS	2024	Ball State	7.64	7.64
Brenden Rice	WR	2024	Southern California	7.62	7.62
Jyran Mitchell	RB	2024	Butler	7.61	7.61
Louis Rees-Zammit	WR	2024	Wales	7.6	7.6
Tanner McLachlan	TE	2024	Arizona	7.59	7.59
Tyler Harrell	WR	2024	Miami	7.58	7.58
Ramon Jefferson	RB	2024	Kentucky	7.57	7.57
Russell Dandy	CB	2024	Eastern Illinois	7.55	7.55
Dontae Smith	RB	2024	Georgia Tech	7.55	7.55
Trajan Jeffcoat	DE	2024	Arkansas	7.53	7.53
Traveon Blaylock	SS	2024	Wisconsin	7.53	7.53
Tarheeb Still	CB	2024	Maryland	7.52	7.52
Keni-H Lovely	CB	2024	Western Michigan	7.52	7.52
Trente Jones	OG	2024	Michigan	7.49	7.49
Josh Proctor	FS	2024	Ohio State	7.49	7.49
Keontra Smith	LB	2024	Miami	7.46	7.46
Tanner Knue	WR	2024	Eastern Michigan	7.4	7.4
Jackson Sirmon	LB	2024	California	7.39	7.39
David Wallis	WR	2024	Randolph Macon	7.39	7.39
Ty'Ron Hopper	LB	2024	Missouri	7.38	7.38
Carson Steele	RB	2024	UCLA	7.36	7.36
Jaylin Simpson	FS	2024	Auburn	7.36	7.36
D.J. Miller	CB	2024	Kent State	7.36	7.36
Braiden McGregor	DE	2024	Michigan	7.34	7.34
Tyrice Knight	LB	2024	UTEP	7.33	7.33
Tykee Smith	FS	2024	Georgia	7.33	7.33
DJ Johnson	FS	2024	Southern Illinois	7.32	7.32
Brady Weeks	LS	2024	Minnesota	7.3	7.3
Richard Jiburnor	DE	2024	Troy	7.29	7.29
Isaiah Avery	CB	2024	Portland State	7.29	7.29
Jordan Ford	OG	2024	Cal-Davis	7.29	7.29
Donovan Manuel	LB	2024	Florida International	7.29	7.29
M.J. Devonshire	CB	2024	Pittsburgh	7.26	7.26
Isaiah Adams	OG	2024	Illinois	7.25	7.25
Cristophe Beaulieu	CB	2024	Laval	7.25	7.25
Joel Dublanko	LB	2024	Cincinnati	7.25	7.25
Gunner Britton	OT	2024	Auburn	7.25	7.25
Leonard Taylor III	DT	2024	Miami	7.24	7.24
Deiyantei Powell-Woods	OG	2024	Central Michigan	7.23	7.23
Javon Solomon	DE	2024	Troy	7.22	7.22
Ennis Rakestraw Jr.	CB	2024	Missouri	7.21	7.21
Jamal Hill	SS	2024	Oregon	7.21	7.21
Tarique Barnes	LB	2024	Illinois	7.21	7.21
Cam Johnson	WR	2024	Northwestern	7.19	7.19
Nate Norris	LB	2024	Western Michigan	7.19	7.19
Casey Bauman	QB	2024	Augustana	7.19	7.19
Roje Stona	TE	2024	Arkansas	7.18	7.18
Keilan Robinson	RB	2024	Texas	7.17	7.17
Luquay Washington	LB	2024	Central Connecticut	7.17	7.17
Tyler Boatwright	CB	2024	Central Connecticut	7.15	7.15
K.J. Cloyd	LB	2024	Miami	7.13	7.13
Antonio Grier	LB	2024	Arkansas	7.12	7.12
Nathan Thomas	OT	2024	Louisiana	7.08	7.08
Marcellas Dial	FS	2024	South Carolina	7.08	7.08
Michael Wiley	RB	2024	Arizona	7.07	7.07
Ben Farrell	OG	2024	Purdue	7.07	7.07
Devin Nicholson	LB	2024	Kent State	7.07	7.07
Kool-Aid McKinstry	CB	2024	Alabama	7.06	7.06
Austin Booker	DE	2024	Kansas	7.05	7.05
Shon Stephens	CB	2024	Ferris State	7.03	7.03
Isaiah Coe	DT	2024	Oklahoma	7.01	7.01
Brendan Bates	TE	2024	Kentucky	7.01	7.01
Jalen Jackson	RB	2024	Villanova	7	7
John Gregory	FS	2024	Limestone	6.96	6.96
Casey Washington	WR	2024	Illinois	6.95	6.95
Kenny Churchwell III	SS	2024	UCLA	6.95	6.95
Tyler Davis	DT	2024	Clemson	6.91	6.91
Avery Jones	OC	2024	Auburn	6.91	6.91
Harry Van Dyne	WR	2024	Indiana State	6.87	6.87
Jaylon King	SS	2024	Georgia Tech	6.86	6.86
Lideatrick Griffin	WR	2024	Mississippi State	6.84	6.84
Geordon Porter	WR	2024	Connecticut	6.82	6.82
Bryce Veasley	QB	2024	Keiser	6.81	6.81
John Pupel	SS	2024	Boston College	6.8	6.8
Paul Moala	LB	2024	Notre Dame	6.79	6.79
Cade Fortin	QB	2024	Arkansas	6.74	6.74
John Morgan III	DE	2024	Arkansas	6.7	6.7
Jamari Thrash	WR	2024	Louisville	6.69	6.69
Austin Stogner	TE	2024	Oklahoma	6.67	6.67
Brevyn Spann-Ford	TE	2024	Minnesota	6.66	6.66
Allen Henry	DT	2024	Coastal Carolina	6.65	6.65
Carl Jones Jr.	LB	2024	UCLA	6.61	6.61
Bryce Bray	OG	2024	Tulsa	6.61	6.61
Daijahn Anthony	FS	2024	Mississippi	6.6	6.6
Delmar Glaze	OT	2024	Maryland	6.6	6.6
Krikour Koustanian	OG	2024	Northern Arizona	6.6	6.6
KT Leveston	OG	2024	Kansas State	6.59	6.59
Drake Nugent	OC	2024	Michigan	6.59	6.59
Xavier Wade	WR	2024	Ferris State	6.58	6.58
Kalen King	CB	2024	Penn State	6.56	6.56
Peter Bowden	LS	2024	Wisconsin	6.56	6.56
Audric Estime	RB	2024	Notre Dame	6.53	6.53
Shane Lee	LB	2024	Southern California	6.53	6.53
Bryce Sheppert	FS	2024	Kent State	6.52	6.52
Nathaniel Watson	LB	2024	Mississippi State	6.51	6.51
George Una	OG	2024	Windsor	6.48	6.48
Jalen Bracey	WR	2024	Florida International	6.48	6.48
Owen Mueller	OG	2024	Windsor	6.46	6.46
Dev Holmes	WR	2024	New Haven	6.46	6.46
Nicario Harper	SS	2024	Illinois	6.44	6.44
John Lee Elridge III	RB	2024	Air Force	6.41	6.41
Kobe Lewis	RB	2024	Florida Atlantic	6.39	6.39
Bryce Gallagher	LB	2024	Northwestern	6.37	6.37
Ahmarean Brown	WR	2024	South Carolina	6.36	6.36
Julius Wilkerson	LB	2024	Davenport	6.35	6.35
Gabriel Amegatcher	CB	2024	Northern Illinois	6.32	6.32
Jacques Bristol	DT	2024	Central Michigan	6.29	6.29
Calen Bullock	SS	2024	Southern California	6.28	6.28
Javon Foster	OT	2024	Missouri	6.27	6.27
Kevin Foelsch	TE	2024	New Haven	6.27	6.27
Josh Newton	CB	2024	Texas Christian	6.26	6.26
Dell Pettus	FS	2024	Troy	6.25	6.25
Isaiah Williams	WR	2024	Illinois	6.24	6.24
Kevin Mital	WR	2024	Laval	6.24	6.24
Mikhari Sibblis	DE	2024	Ball State	6.21	6.21
Jaden Shirden	RB	2024	Monmouth	6.2	6.2
Jacob Cowing	WR	2024	Arizona	6.2	6.2
Kanion Williams	FS	2024	Tulsa	6.18	6.18
Mosiah Nasili-Kite	DT	2024	Auburn	6.12	6.12
Tim Varga	DE	2024	Southern Illinois	6.11	6.11
Matthew Jones	OG	2024	Ohio State	6.1	6.1
Kamari Lassiter	CB	2024	Georgia	6.08	6.08
Kenneth Horsey	OG	2024	Kentucky	6.08	6.08
Christian Jones	OT	2024	Texas	6.07	6.07
Sirod Cook	DT	2024	Furman	6.07	6.07
Aaron Brule	LB	2024	Michigan State	6.06	6.06
Kalen DeLoach	LB	2024	Florida State	5.99	5.99
Levi Drake Rodriguez	DT	2024	Texas A&M Commerce	5.98	5.98
Malik Langham	DT	2024	Purdue	5.97	5.97
Marcus Riley	WR	2024	Florida A&M	5.95	5.95
Dallin Holker	TE	2024	Colorado State	5.94	5.94
Jeremy Mercier	DE	2024	Arizona	5.94	5.94
Michael Herzog	RB	2024	Hillsdale	5.94	5.94
Chase Kline	LB	2024	Eastern Michigan	5.93	5.93
Brian Horn	LB	2024	Citadel	5.92	5.92
Kam Stutts	OG	2024	Auburn	5.9	5.9
Khalid Duke	DE	2024	Kansas State	5.89	5.89
Derrick Hinton Jr.	WR	2024	Saginaw Valley State	5.89	5.89
Jaylan Franklin	TE	2024	Michigan State	5.89	5.89
Jaelin Campbell	WR	2024	Incarnate Word	5.89	5.89
Austin Jones	RB	2024	Southern California	5.88	5.88
Marcus Harris	DT	2024	Auburn	5.87	5.87
Austin Hence	TE	2024	Western Michigan	5.87	5.87
Chau Smith-Wade	CB	2024	Washington State	5.86	5.86
Darrian Brokenburr	DE	2024	Howard	5.86	5.86
Keith Randolph Jr.	DT	2024	Illinois	5.83	5.83
Demani Richardson	SS	2024	Texas A&M	5.83	5.83
Greg Anderson	OT	2024	Monmouth	5.82	5.82
Damion Charity	CB	2024	Ball State	5.79	5.79
TD Ayo-Durojaiye	RB	2024	Villanova	5.77	5.77
Reggie Pearson	CB	2024	Oklahoma	5.76	5.76
Aiden Hamphill	OT	2024	Texas Southern	5.76	5.76
Justin Dedich	OG	2024	Southern California	5.76	5.76
Dillon Johnson	RB	2024	Washington	5.75	5.75
Dylan Leonard	TE	2024	Georgia Tech	5.75	5.75
Hendrix Johnson	WR	2024	Northern Arizona	5.75	5.75
Eteva Mauga-Clements	LB	2024	Nebraska	5.74	5.74
DJ James	CB	2024	Auburn	5.72	5.72
CJ Goetz	LB	2024	Wisconsin	5.72	5.72
John Bosse	OG	2024	Calgary	5.72	5.72
Nolan Potter	OT	2024	Northern Illinois	5.7	5.7
Justin Eboigbe	DT	2024	Alabama	5.69	5.69
Patrick Godbolt	DE	2024	South Carolina State	5.66	5.66
Darius Muasau	LB	2024	UCLA	5.64	5.64
C.J. Hardy	WR	2024	Incarnate Word	5.64	5.64
Nick Mardner	WR	2024	Auburn	5.64	5.64
Larry Nixon III	LB	2024	Auburn	5.62	5.62
Jacoby Windmon	LB	2024	Michigan State	5.6	5.6
Javion Cohen	OG	2024	Miami	5.58	5.58
Marist Liufau	LB	2024	Notre Dame	5.57	5.57
Braden Brose	FB	2024	Delaware	5.56	5.56
Braden Gleason	QB	2024	Emporia State	5.55	5.55
Josh Cephus	WR	2024	UTSA	5.53	5.53
Keaton Bills	OG	2024	Utah	5.53	5.53
Ron Hardge III	CB	2024	Colorado State	5.5	5.5
Daniel Bell	CB	2024	Mount Allison	5.5	5.5
Dawson Marchant	CB	2024	Northwestern Oklahaoma State	5.45	5.45
Chance Rodriguez	LB	2024	Emporia State	5.44	5.44
Rusty Feth	OC	2024	Iowa	5.43	5.43
Trumane Bell II	DE	2024	UTSA	5.42	5.42
Jordan Strachan	DE	2024	South Carolina	5.41	5.41
Chris Edmonds	FS	2024	Arizona State	5.41	5.41
Jalyn Phillips	SS	2024	Clemson	5.4	5.4
Average FS	FS	2024	College	5.38	5.38
Leonard Payne Jr.	DT	2024	Colorado	5.38	5.38
D.J. Summerville	OG	2024	Saginaw Valley State	5.38	5.38
Jordan Toles	FS	2024	Morgan State	5.37	5.37
Cedric Anderson	CB	2024	Grambling State	5.35	5.35
Shane Hooks	WR	2024	Auburn	5.35	5.35
Ayodele Adeoye	LB	2024	Incarnate Word	5.34	5.34
Jarron Morris	FS	2024	Florida Atlantic	5.34	5.34
Luke Skokna	WR	2024	North Dakota	5.33	5.33
Oliver Jarvis	OG	2024	Colorado State	5.32	5.32
Myles Murphy	DT	2024	North Carolina	5.31	5.31
Ian Hall	DE	2024	Ferris State	5.31	5.31
Re'Mahn Davis	RB	2024	Kentucky	5.3	5.3
Yani Gouadfel	CB	2024	Bishop's	5.3	5.3
Andrew Chatfield Jr.	DE	2024	Oregon State	5.29	5.29
Andre Sam	SS	2024	Louisiana State	5.28	5.28
Tre Brown	LB	2024	Arizona State	5.28	5.28
George Steele	CB	2024	Northern Arizona	5.28	5.28
Dawson Pierre	CB	2024	Concordia	5.28	5.28
Jha'Quan Jackson	WR	2024	Tulane	5.25	5.25
Ajou Ajou	WR	2024	South Florida	5.25	5.25
Bradley Hladik	FB	2024	UBC	5.22	5.22
Joe Wilkins Jr.	WR	2024	Notre Dame	5.19	5.19
Average CB	CB	2024	College	5.18	5.18
Michael Furtney	OG	2024	Wisconsin	5.18	5.18
Jaden Davis	CB	2024	Miami	5.16	5.16
Austin Sullivan	LS	2024	Minnesota	5.15	5.15
Kylon Barrs	DT	2024	Southern California	5.15	5.15
Jacob Johanning	OC	2024	Furman	5.14	5.14
Mohsen Jamal	WR	2024	Western University	5.14	5.14
Christian McCarroll	DE	2024	Grand Valley State	5.13	5.13
Average DT	DT	2024	College	5.12	5.12
Average SS	SS	2024	College	5.12	5.12
Average LB	LB	2024	College	5.09	5.09
Morice Norris Jr.	FS	2024	Fresno State	5.08	5.08
Olivier Muembi	LB	2024	Queen's	5.06	5.06
Seth MacKellar	LS	2024	Arizona	5.03	5.03
Zion Logue	DT	2024	Georgia	5.02	5.02
Josh Henderson	RB	2024	Indiana	5.01	5.01
Ro Elliott	RB	2024	Southern Illinois	5	5
Average OG	OG	2024	College	4.99	4.99
Ahmad Antoine	RB	2024	Prairie View A&M	4.98	4.98
Chase McGowan	DE	2024	Delaware	4.96	4.96
Lawrence Johnson	SS	2024	Southeast Missouri	4.96	4.96
Dhel Duncan-Busby	WR	2024	Bemidji State	4.94	4.94
Christy Nkanu	OG	2024	Washington State	4.94	4.94
Kaylyn St-Cyr	CB	2024	Montreal	4.94	4.94
Dominick Blaylock	WR	2024	Georgia Tech	4.93	4.93
Steven Comstock	SS	2024	Fresno State	4.93	4.93
Jalen Sami	DT	2024	Michigan State	4.92	4.92
Alex mock	LB	2024	Air Force	4.91	4.91
Average QB	QB	2024	College	4.9	4.9
Average RB	RB	2024	College	4.89	4.89
Average WR	WR	2024	College	4.87	4.87
Average OT	OT	2024	College	4.87	4.87
Andre Carter	DE	2024	Indiana	4.87	4.87
Ryan Berta	OG	2024	Queen's	4.87	4.87
Bryce Barnes	DE	2024	Illinois	4.86	4.86
Noah Plack	LB	2024	Connecticut	4.86	4.86
Andrew Coker	OG	2024	Texas Christian	4.85	4.85
JJ Laap	WR	2024	Cortland State	4.85	4.85
Tykee Ogle-Kellogg	WR	2024	UTSA	4.84	4.84
Hamze El-Zayat	WR	2024	Eastern Michigan	4.84	4.84
Cade Peterson	QB	2024	Grand Valley State	4.84	4.84
Dakereon Joyner	RB	2024	South Carolina	4.83	4.83
Trey Vaval	CB	2024	Minnesota State	4.83	4.83
Average TE	TE	2024	College	4.82	4.82
Average DE	DE	2024	College	4.81	4.81
Jeffrey Griffin Jr.	DT	2024	North Dakota	4.81	4.81
Steele Chambers	LB	2024	Ohio State	4.8	4.8
Jerome Buckner	WR	2024	Texas A&M Commerce	4.78	4.78
Marcus Stripling	DE	2024	Oklahoma	4.77	4.77
D'Ante Cox	WR	2024	Southern Illinois	4.76	4.76
Christian Roland-Wallace	CB	2024	Southern California	4.75	4.75
Average FB	FB	2024	College	4.74	4.74
Solo Turner	SS	2024	Illinois	4.74	4.74
Tre'Vion Green	LB	2024	Prairie View A&M	4.74	4.74
August Pitre III	WR	2024	Southern	4.71	4.71
Jesiah Irish	WR	2024	Oregon State	4.7	4.7
DaRon Gilbert	LB	2024	Northern Illinois	4.67	4.67
James Makszin	DT	2024	Ball State	4.64	4.64
Jaelen Gill	WR	2024	Fresno State	4.64	4.64
Reddy Steward	CB	2024	Troy	4.64	4.64
Kassidy Woods	WR	2024	Auburn	4.62	4.62
James Williams	FS	2024	Miami	4.61	4.61
Eric Smith	CB	2024	Florida A&M	4.61	4.61
Zach Peterson	WR	2024	Michigan	4.61	4.61
Joey Ramos	OG	2024	Arizona State	4.59	4.59
Average OC	OC	2024	College	4.57	4.57
Kris Abrams-Draine	CB	2024	Missouri	4.55	4.55
Isaiah Johnson	DE	2024	Fresno State	4.54	4.54
LaWilliam Holmes	DT	2024	Southeast Missouri	4.51	4.51
TeCory Couch	CB	2024	Miami	4.48	4.48
Jackson Sombach	CB	2024	Regina	4.46	4.46
J.D. Duplain	OG	2024	Michigan State	4.45	4.45
Tre mosley	WR	2024	Michigan State	4.44	4.44
Trey Knox	TE	2024	South Carolina	4.43	4.43
Noah Pierre	CB	2024	Indiana	4.42	4.42
Quinton Williams	QB	2024	Howard	4.42	4.42
Dwight McGlothern	CB	2024	Arkansas	4.41	4.41
Tyrese Wright	SS	2024	Monmouth	4.39	4.39
Brandon Omonuwa	DT	2024	Wilfrid Laurier	4.34	4.34
Dylan Wyatt	CB	2024	Arizona	4.3	4.3
Matt Thomas	DT	2024	Colorado State	4.28	4.28
Keaton Ellis	FS	2024	Penn State	4.27	4.27
Aaron Casey	LB	2024	Indiana	4.25	4.25
Tyshon Blackburn	CB	2024	Alberta	4.23	4.23
Cooper Hamilton	OG	2024	Wilfrid Laurier	4.23	4.23
A.J. Pierce	DT	2024	Troy	4.22	4.22
JJ Ross	CB	2024	Western Illinois	4.21	4.21
Khris Banks	DT	2024	Boston College	4.2	4.2
T'Vondre Sweat	DT	2024	Texas	4.19	4.19
Steve Stephens IV	FS	2024	Oregon	4.18	4.18
Jaden Dedman	CB	2024	Nevada	4.18	4.18
Ian Wheeler	RB	2024	Howard	4.17	4.17
Easton Gibbs	LB	2024	Wyoming	4.16	4.16
Darrell Simpson	OT	2024	Tulsa	4.15	4.15
Rodrick Ward	CB	2024	Colorado	4.14	4.14
Robi Stewart	DT	2024	Central Michigan	4.13	4.13
Tony Pierce Jr.	DE	2024	Colorado State	4.13	4.13
DK Bonhomme	LB	2024	South Alabama	4.11	4.11
Taylor Upshaw	DE	2024	Arizona	4.1	4.1
Elijah McCalliser	DE	2024	Auburn	4.09	4.09
Calvin Hart Jr.	LB	2024	Oregon State	4.08	4.08
McKade Mettauer	OG	2024	Oklahoma	4.06	4.06
John McCartan	DE	2024	Oregon State	4.04	4.04
Will Putnam	OC	2024	Clemson	4.03	4.03
Taymon Cooke	WR	2024	North Carolina A&T	4.03	4.03
Spencer Rattler	QB	2024	South Carolina	4.01	4.01
James Ester	DT	2024	Northern Illinois	4.01	4.01
Ezechiel Tieide	WR	2024	Concordia	3.99	3.99
Cam Grandy	TE	2024	Illinois State	3.98	3.98
Zareon Hayes	DE	2024	Alabama A&M	3.98	3.98
DeQuece Carter	WR	2024	Indiana	3.97	3.97
Olare Oladipo	DE	2024	Ferris State	3.97	3.97
Trey Potts	RB	2024	Penn State	3.96	3.96
Andrew Funk	OG	2024	Washburn	3.94	3.94
Justin Dingle II	FB	2024	Kentucky	3.94	3.94
Justin Sambu	DT	2024	Baylor	3.93	3.93
Antonio Simley	DT	2024	Siena Heights	3.92	3.92
Nicholas Gendron	WR	2024	Ottawa	3.91	3.91
Justin Mascoll	DE	2024	Clemson	3.87	3.87
Jackson Taylor	LB	2024	Delaware	3.86	3.86
Davon Ferguson	CB	2024	Bowling Green	3.86	3.86
Chris Autman-Bell	WR	2024	Minnesota	3.85	3.85
Collin Wilson	WR	2024	Washburn	3.85	3.85
Paul-Antoine Ouellette	FB	2024	Montreal	3.84	3.84
Clayton Isbell	SS	2024	Coastal Carolina	3.82	3.82
Rondell Bothroyd	DE	2024	Oklahoma	3.81	3.81
Tyler Potts	CB	2024	Ball State	3.8	3.8
Jacob Quattlebaum	LS	2024	Auburn	3.8	3.8
Deshon Stoudemire	WR	2024	Troy	3.79	3.79
Sam Hartman	QB	2024	Notre Dame	3.78	3.78
Isaiah Ifanse	RB	2024	California	3.76	3.76
Jayden Jernigan	DT	2024	Missouri	3.74	3.74
Buddha Jones	DT	2024	Troy	3.72	3.72
Cameron Covin	OT	2024	Florida A&M	3.68	3.68
Khalil Dawsey	CB	2024	Delaware	3.65	3.65
Johnny Hudson Jr.	DT	2024	Fresno State	3.63	3.63
Avery Davis	WR	2024	Notre Dame	3.63	3.63
Michael Barrett	LB	2024	Michigan	3.62	3.62
Jerrell Cummings	CB	2024	UBC	3.61	3.61
Sam Pinckney	WR	2024	Coastal Carolina	3.57	3.57
Patrick McMorris	FS	2024	California	3.56	3.56
Josh Wallace	CB	2024	Michigan	3.55	3.55
Boobie Curry	WR	2024	Buffalo	3.55	3.55
Samson Evans	RB	2024	Eastern Michigan	3.53	3.53
Jackson Mitchell	LB	2024	Connecticut	3.52	3.52
McKinnley Jackson	DT	2024	Texas A&M	3.52	3.52
John Matocha	QB	2024	Colorado Mines	3.51	3.51
Jeblonski Green Jr.	DT	2024	South Carolina State	3.51	3.51
Evan Anderson	DT	2024	Florida Atlantic	3.5	3.5
Keonte Lusk	CB	2024	Coastal Carolina	3.49	3.49
Sheridan Jones	CB	2024	Clemson	3.43	3.43
Nick White	DE	2024	Monmouth	3.41	3.41
Jayden Goodwin	SS	2024	Air Force	3.41	3.41
Jacob Isaia	OC	2024	Fresno State	3.41	3.41
Tyler Nubin	SS	2024	Minnesota	3.4	3.4
Erik Brooks	WR	2024	Fresno State	3.39	3.39
Daniel Okpoko	DE	2024	San Diego State	3.39	3.39
Joshua Youngblood	WR	2024	Delaware	3.35	3.35
Corey Crooms Jr.	WR	2024	Minnesota	3.35	3.35
Odieu Hilaire	WR	2024	Bowling Green	3.33	3.33
Mikey Woolridge	SS	2024	Saginaw Valley State	3.32	3.32
Popo Aumavae	DT	2024	Oregon	3.31	3.31
Isaac Foster	WR	2024	Kennesaw State	3.31	3.31
Markeith Montgomery	SS	2024	Kennesaw State	3.31	3.31
George Moreno	FS	2024	Cal-Davis	3.28	3.28
Dashaun Mallory	DT	2024	Arizona State	3.27	3.27
Lucky Oyovwi	DE	2024	Charleston	3.27	3.27
Darrell Harding Jr.	WR	2024	Buffalo	3.25	3.25
Noah Shannon	DT	2024	Iowa	3.24	3.24
Tyler Manoa	DT	2024	Arizona	3.23	3.23
Deshaun Fenwick	RB	2024	Oregon State	3.22	3.22
Cody Schrader	RB	2024	Missouri	3.21	3.21
Ben Bryant	QB	2024	Northwestern	3.2	3.2
Eddie Battle	RB	2024	Florida	3.19	3.19
Devin Cowan	DE	2024	Southern Illinois	3.18	3.18
Jeremiah Jackson	DE	2024	Davenport	3.18	3.18
Zane Lewis	WR	2024	Delaware	3.17	3.17
Branson Deen	DT	2024	Miami	3.17	3.17
Steven Stilianos	TE	2024	Iowa	3.17	3.17
Isaah Crocker	WR	2024	Nevada	3.16	3.16
DJ Brown	FS	2024	Notre Dame	3.16	3.16
Alphonso Taylor	SS	2024	Arizona State	3.15	3.15
Raashaan Wilkins Jr.	DT	2024	Connecticut	3.15	3.15
Sean Tyler	RB	2024	Minnesota	3.14	3.14
Javier Duran	DT	2024	Kent State	3.13	3.13
Jason Janvier-Messier	DE	2024	York	3.11	3.11
DeAngelo Hardy	WR	2024	North Central	3.1	3.1
Juwan Mitchell	LB	2024	Colorado	3.1	3.1
Levelle Bailey	LB	2024	Fresno State	3.06	3.06
Jairus Grissom	WR	2024	Saginaw Valley State	3.05	3.05
James Green	LB	2024	Tennessee State	3.04	3.04
Jared Chisari	RB	2024	Queen's	3.04	3.04
Joe Golden	DT	2024	Oregon State	3.02	3.02
Darrian Dalcourt	OG	2024	Alabama	3.01	3.01
Ifenna Onyeka	DE	2024	Carleton	3	3
Javotrick Dotrey	FS	2024	Texas A&M Commerce	2.97	2.97
Ahmad Edwards	WR	2024	Ball State	2.96	2.96
Carlton Johnson	CB	2024	Fresno State	2.95	2.95
Eddie Lewis	WR	2024	South Carolina	2.94	2.94
J. Frank Melgarejo III	LS	2024	Air Force	2.94	2.94
Andrew Van Buren	FB	2024	Portland State	2.92	2.92
Brandon Porter	WR	2024	Incarnate Word	2.92	2.92
Brian Jenkins	WR	2024	Olivet Nazarene	2.89	2.89
Adrian Gonzalez	DT	2024	Eastern Michigan	2.89	2.89
Payne Hebert	OG	2024	UTSA	2.85	2.85
Josiah Norwood	WR	2024	UCLA	2.85	2.85
Steven Jones	OG	2024	Oregon	2.84	2.84
Leroy Thomas	WR	2024	Western Michigan	2.84	2.84
Emmanuel Adagbon	PK	2024	Texas A&M Commerce	2.81	2.81
Van Wishart	DE	2024	Queen's	2.81	2.81
Micheal Mason	DE	2024	Coastal Carolina	2.8	2.8
Dre Turner	WR	2024	Monmouth	2.77	2.77
Brian Dooley	OT	2024	Eastern Michigan	2.77	2.77
Darren Anders	LB	2024	Bowling Green	2.77	2.77
Jaxon Morkin	OG	2024	Windsor	2.76	2.76
Cole Harrity	WR	2024	Buffalo	2.75	2.75
Emani Bailey	RB	2024	Texas Christian	2.74	2.74
Derrick McLendon	LB	2024	Colorado	2.72	2.72
Don Callis	CB	2024	Troy	2.72	2.72
Darius Long Jr.	DT	2024	California	2.72	2.72
Thomas Burks	PK	2024	Southern Illinois	2.71	2.71
Zachary Philion	LB	2024	Concordia	2.71	2.71
Tyson Hergott	DE	2024	Waterloo	2.7	2.7
Bo Bell	FS	2024	Northern Michigan	2.68	2.68
Jonathan Giustini	CB	2024	Alberta	2.67	2.67
Caleb Shaffer	OG	2024	Oklahoma	2.65	2.65
Jason Chikere	DT	2024	Rhein Fire (ELF)	2.65	2.65
Jordan Williams	DE	2024	Emporia State	2.64	2.64
James Rawls	DT	2024	Oregon State	2.62	2.62
Travis Blackshear	CB	2024	Furman	2.62	2.62
Deontae Overstreet	SS	2024	West Georgia	2.6	2.6
Brian Hightower	WR	2024	California	2.6	2.6
Trezmen Marshall	LB	2024	Alabama	2.59	2.59
Austin Osborne	WR	2024	Bowling Green	2.59	2.59
Cam Goode	DT	2024	Michigan	2.57	2.57
Chris Collins	DE	2024	Minnesota	2.56	2.56
Jaheem Hazel	CB	2024	Jackson State	2.55	2.55
Jack Daly	DT	2024	Florida International	2.54	2.54
Keith Brewer III	WR	2024	Central Michigan	2.53	2.53
Noah Buttiglieri	OG	2024	Delaware	2.5	2.5
Maurice White	DE	2024	Central Michigan	2.48	2.48
Hayden Rucci	TE	2024	Wisconsin	2.47	2.47
Tariq Mulmore	FS	2024	Prairie View A&M	2.47	2.47
Darius Simmons	WR	2024	McGill	2.46	2.46
Nick Taylor	LS	2024	Purdue	2.45	2.45
Abdul-Karim Gassama	WR	2024	Manitoba	2.45	2.45
Armon Bean	CB	2024	Pittsburg State	2.44	2.44
Sam Langi	OG	2024	Arizona	2.41	2.41
Hayden Brice	LB	2024	Auburn	2.41	2.41
D'ante Cox	WR	2024	Southern Illinois	2.38	2.38
Hugo Klages	DE	2024	Massachusetts	2.38	2.38
Mekhi Metcalf	WR	2024	Prairie View A&M	2.36	2.36
Kamren Kinchens	FS	2024	Miami	2.33	2.33
Slater Zellers	LS	2024	Arizona State	2.33	2.33
Loobert Denelus	DT	2024	Benedict	2.31	2.31
Jahquan Bloomfield	WR	2024	Prairie View A&M	2.3	2.3
Andrew Raym	OG	2024	Oklahoma	2.27	2.27
Drew Dixon	WR	2024	Limestone	2.21	2.21
Nyles Gaddy	DE	2024	Missouri	2.18	2.18
Bucky Irving	RB	2024	Oregon	2.14	2.14
Christian Turner	RB	2024	Indiana	2.14	2.14
Jaylon Bass	DT	2024	Buffalo	2.13	2.13
German Green	SS	2024	Michigan	2.13	2.13
Yemi Ward	WR	2024	Saint Ambrose	2.12	2.12
Geno Hess	RB	2024	Southeast Missouri	2.12	2.12
Davion Johnson	WR	2024	Central Connecticut	2.11	2.11
J.J. Martin	OG	2024	Limestone	2.1	2.1
Brandon Richard	FS	2024	Incarnate Word	2.1	2.1
Solomon Byrd	DE	2024	Southern California	2.07	2.07
Kavosiey Smoke	RB	2024	Colorado	2.07	2.07
Ro Torrence	CB	2024	Arizona State	2.06	2.06
Keyshawn Johnson	LB	2024	Prairie View A&M	2.04	2.04
Eric Dunn	OT	2024	Prairie View A&M	2.02	2.02
Fabian Weitz	LB	2024	Cologne Centurions (ELF)	2.02	2.02
Preston Nichols	FS	2024	Purdue	2	2
Jordan Carter	FS	2024	Southern	1.99	1.99
Will Farniok	OC	2024	Tulsa	1.99	1.99
Alfahiym Walcott	FS	2024	Arkansas	1.96	1.96
Corey Watkins	RB	2024	North Greenville	1.96	1.96
Rayjoun Pringle	WR	2024	Villanova	1.95	1.95
TreVon Jones	CB	2024	Minnesota	1.93	1.93
Lourenz Bowers-Kane	LB	2024	Western University	1.92	1.92
AJ Lewis	TE	2024	Alabama State	1.91	1.91
Lucky Ogbevoen	LB	2024	Raiders Tirol (ELF)	1.91	1.91
X'Zauvea Gadlin	OG	2024	Liberty	1.89	1.89
Joshua Heyward	CB	2024	Benedict	1.89	1.89
Abe Swanson	LB	2024	Grand Valley State	1.89	1.89
Mase Funa	DE	2024	Oregon	1.87	1.87
Xavier Peters	DE	2024	Florida Atlantic	1.85	1.85
Steve Bird	LS	2024	Eastern Michigan	1.84	1.84
Patrick McSweeney	TE	2024	Citadel	1.82	1.82
Tramel Walthour	DE	2024	Georgia	1.81	1.81
Devon Garrison	TE	2024	Pittsburg State	1.8	1.8
Arthur Hamlin	CB	2024	Colgate	1.79	1.79
Darren Brown	DT	2024	Incarnate Word	1.78	1.78
Giovanni Sanders	WR	2024	Arizona State	1.73	1.73
Daijun Edwards	RB	2024	Georgia	1.71	1.71
Carson Walter	SS	2024	Citadel	1.69	1.69
Lewis Matthews	LB	2024	Grambling State	1.65	1.65
Jeremy Flax	OT	2024	Kentucky	1.63	1.63
Denzel Daxon	DT	2024	Illinois	1.62	1.62
Quentin Skinner	LS	2024	Troy	1.6	1.6
Terrill Cole	WR	2024	West Georgia	1.57	1.57
Marcus Rosemy-Jacksaint	WR	2024	Georgia	1.55	1.55
Mitchell Townsend	LB	2024	UBC	1.55	1.55
Jake Parks	OG	2024	Cal-Davis	1.54	1.54
Ethan Kalra	OG	2024	Waterloo	1.53	1.53
Nathan Bax	TE	2024	Arkansas	1.52	1.52
Dante Cleveland	DT	2024	Southern Illinois	1.51	1.51
Owen Hubert	DE	2024	McMaster	1.5	1.5
Aaron Frost	OG	2024	Arizona State	1.49	1.49
Ryan Wennerstrom	LS	2024	Saginaw Valley State	1.47	1.47
Patrick Lavoie	OG	2024	Carleton	1.47	1.47
John Paddock	QB	2024	Illinois	1.45	1.45
Messiah Swinson	TE	2024	Arizona State	1.45	1.45
DJ Williams	RB	2024	Arizona	1.45	1.45
Javon Antonio	WR	2024	Colorado	1.44	1.44
Latrell Collier	RB	2024	North Carolina Central	1.43	1.43
Arrington Taylor	OG	2024	Prairie View A&M	1.42	1.42
Ben Key	DT	2024	Nevada-Las Vegas	1.4	1.4
Zach Hester	DE	2024	Colorado Mines	1.39	1.39
Matt Alaimo	TE	2024	Coastal Carolina	1.38	1.38
Eloi Kwete	DE	2024	Northern Arizona	1.38	1.38
Jordan Davis	OG	2024	Grand Valley State	1.38	1.38
Sidney Houston	DE	2024	Ball State	1.35	1.35
Jacob Spencer	DT	2024	Saginaw Valley State	1.33	1.33
George Idoko	DE	2024	Saskatchewan	1.33	1.33
Kolbi Lewis	OT	2024	Prairie View A&M	1.32	1.32
Jordan Domineck	LB	2024	Colorado	1.32	1.32
Kamari Young	TE	2024	Florida A&M	1.3	1.3
Heston Lameta	LB	2024	Northern Arizona	1.3	1.3
Chaz Neal	OT	2024	Florida Atlantic	1.3	1.3
Tayvion Robinson	WR	2024	Kentucky	1.29	1.29
Tyrese Ross	SS	2024	South Carolina	1.29	1.29
Terrence Ganyi	LB	2024	Maine	1.29	1.29
Demetrius Harris Jr.	SS	2024	Buffalo	1.28	1.28
Demetries Ford	CB	2024	Arizona State	1.27	1.27
LaDarius Owens	RB	2024	Texas Southern	1.27	1.27
Brandon Tucker	DT	2024	South Carolina State	1.27	1.27
C.J. Jefferson	WR	2024	Ferris State	1.26	1.26
Jourdan Townsend	WR	2024	Delaware	1.25	1.25
Jae'Veyon Morton	CB	2024	Morgan State	1.25	1.25
Connor Scaglione	OG	2024	Georgia Tech	1.24	1.24
Ryan Baker	LB	2024	UBC	1.24	1.24
Aljareek Malry	FS	2024	Ball State	1.23	1.23
Gabriel Royer	LB	2024	Bishop's	1.22	1.22
Ryan Cooper Jr.	CB	2024	Oregon State	1.21	1.21
Ryan Kost	PK	2024	Delaware	1.2	1.2
Brandon Codrington	CB	2024	North Carolina Central	1.2	1.2
Dylan Reeves	DE	2024	Limestone	1.2	1.2
Trevor Campbell	OG	2024	Western Michigan	1.19	1.19
Realus George Jr.	DT	2024	Missouri	1.19	1.19
Aeneas Dennis	QB	2024	Benedict	1.15	1.15
Marquice Robinson	OG	2024	Florida Atlantic	1.15	1.15
Davotrick Dotrey	SS	2024	Texas A&M Commerce	1.14	1.14
Tre Jackson	DE	2024	Florida Atlantic	1.13	1.13
Lance Babb II	WR	2024	Cal-Davis	1.12	1.12
Justin Rogers	DT	2024	Auburn	1.1	1.1
Maema Njongmeta	LB	2024	Wisconsin	1.09	1.09
Ja'Quon Griffin	DE	2024	Coastal Carolina	1.09	1.09
Eddie Morales III	CB	2024	Monmouth	1.08	1.08
Peyton Brown	WR	2024	Davenport	1.07	1.07
Sam Taimani	DT	2024	Oregon	1.05	1.05
Michael Shanahana	OG	2024	Western Michigan	1.04	1.04
Chester Kimbrough	CB	2024	Michigan State	1.04	1.04
Jasper Friis	OT	2024	McNeese State	1.02	1.02
Jaron Kilpatrick	CB	2024	Benedict	1.01	1.01
Drake Stoops	WR	2024	Oklahoma	0.97	0.97
Nico Ragiaini	WR	2024	Iowa	0.96	0.96
Kailan Noseff	WR	2024	Incarnate Word	0.95	0.95
Dominic Roberto	FB	2024	Furman	0.94	0.94
TJ Thomas	OG	2024	Delaware	0.88	0.88
Kennedy Roberts	DT	2024	Coastal Carolina	0.86	0.86
Lawrence Richardson	LB	2024	Morgan State	0.86	0.86
Nazard Bombata	RB	2024	Arizona	0.84	0.84
Tyrone Taleni	DE	2024	Southern California	0.84	0.84
Oshai Fletcher	CB	2024	Troy	0.84	0.84
John Kourtis	OG	2024	Saskatchewan	0.84	0.84
D.J. Twitty	RB	2024	South Carolina	0.82	0.82
Tyrone Sampson Jr.	OG	2024	Fresno State	0.8	0.8
Max Nixon	LB	2024	Western University	0.8	0.8
Anthony Soles	RB	2024	Queen's	0.75	0.75
D'Verick Daniel	SS	2024	Florida International	0.75	0.75
Max Williams	CB	2024	Southern California	0.74	0.74
Garrett Carroll	OG	2024	Grand Valley State	0.74	0.74
Larry McCammon III	RB	2024	Florida Atlantic	0.74	0.74
Tyler Jackson	LB	2024	Northern Illinois	0.73	0.73
Kam Bowdry	DT	2024	Southern Illinois	0.71	0.71
Major Dedmond	SS	2024	Ferris State	0.7	0.7
Irshaad Davis	FS	2024	Troy	0.7	0.7
Samuel Obiang	DT	2024	Towson	0.7	0.7
Steele Roring	TE	2024	Pittsburg State	0.7	0.7
Assanti Kearney	WR	2024	Monmouth	0.69	0.69
Steele Judy	LS	2024	Citadel	0.67	0.67
Scott Murray	DE	2024	Guelph	0.63	0.63
Tristan Ballard	TE	2024	Arkansas Pine-Bluff	0.62	0.62
Colton Adams	LB	2024	Alabama State	0.62	0.62
Alexander Hall	OG	2024	Concordia	0.62	0.62
Daryion Taylor	FS	2024	Texas A&M Commerce	0.6	0.6
Isaac Hodgins	DE	2024	Oregon State	0.59	0.59
Jack Zergiotis	QB	2024	Merrimack	0.58	0.58
Brennan Brown	TE	2024	Howard	0.55	0.55
Alaric Wooten	SS	2024	Davenport	0.55	0.55
Jayden de Laura	QB	2024	Arizona	0.53	0.53
Antwan Squire	RB	2024	Pittsburg State	0.53	0.53
Jaylen Evans	FS	2024	South Carolina State	0.52	0.52
Stanley Garner	CB	2024	Hampton	0.51	0.51
Kyndel Dean	WR	2024	Furman	0.49	0.49
Dallas Craddieth	SS	2024	Kent State	0.49	0.49
Montrell Wilson	CB	2024	Emporia State	0.49	0.49
Daniel Shin	OG	2024	Alberta	0.48	0.48
Jhasi Wilson	LB	2024	Northern Arizona	0.46	0.46
Terrell Gardner	WR	2024	Alabama A&M	0.45	0.45
William Green Jr.	DT	2024	Nevada	0.45	0.45
Noah Young	LB	2024	Colorado	0.42	0.42
Carloss Crawford	FS	2024	Troy	0.4	0.4
Matthew Peterson	RB	2024	Alberta	0.4	0.4
Jermaine Braddock	WR	2024	Portland State	0.39	0.39
Hasan Black	LB	2024	Citadel	0.38	0.38
Louis Lavaud	CB	2024	Carleton	0.35	0.35
Layne Hatcher	QB	2024	Ball State	0.34	0.34
Dallas Holliday	OG	2024	Portland State	0.34	0.34
Tre Weed	CB	2024	Nevada	0.34	0.34
Kevin Victome	CB	2024	Ottawa	0.34	0.34
Lucas Matias	PK	2024	Florida International	0.31	0.31
DeAngelo Gibbs	WR	2024	South Carolina	0.3	0.3
Taijh Alston	DE	2024	Colorado	0.29	0.29
Malcolm Magee	SS	2024	South Carolina State	0.25	0.25
Ezekiel Robbins	SS	2024	Nevada	0.24	0.24
Darran Butts	RB	2024	Hampton	0.23	0.23
Martell Irby	SS	2024	Arizona	0.22	0.22
Doug Washington	WR	2024	Limestone	0.2	0.2
Chester Baah	OG	2024	Tulsa	0.2	0.2
Reese White	RB	2024	Coastal Carolina	0.19	0.19
Lynell Hudson Jr.	OT	2024	Florida	0.18	0.18
Donte Burton	CB	2024	Tulsa	0.13	0.13
Gunnar Watson	QB	2024	Troy	0.13	0.13
Omari Hill-Robinson	CB	2024	Bethune-Cookman	0.12	0.12
DJ Stevens	TE	2024	Jackson State	0.11	0.11
Ryan Atkins	OT	2024	Arkansas Pine-Bluff	0.1	0.1
Brandon Shelnutt	TE	2024	Limestone	0.08	0.08
Shawn Dourseau	SS	2024	Northern Arizona	0.08	0.08
Isaiah Curry	DE	2024	Northwestern Oklahoma State	0.06	0.06
Samuel Pearson	OT	2024	Delaware State	0.06	0.06
Asa Martin	RB	2024	Troy	0.06	0.06
Romain Mungin	CB	2024	Florida Atlantic	0.06	0.06
Juan Henry	DE	2024	Texas A&M Commerce	0.02	0.02
Josh Madison	FS	2024	Coastal Carolina	0.02	0.02
Quentin Sanders	WR	2024	North Greenville	0.02	0.02
John Rhys Plumlee	QB	2024	Central Florida		
Taulia Tagovailoa	QB	2024	Maryland		
Jason Bean	QB	2024	Kansas		
Jonathon Brooks	RB	2024	Texas		
Frank Gore Jr.	RB	2024	Southern Miss		
Blake Watson	RB	2024	Memphis		
Jadon Janke	WR	2024	South Dakota State		
Jaxon Janke	WR	2024	South Dakota State		
Tahj Washington	WR	2024	Southern California		
Zach Heins	TE	2024	South Dakota State		
Isaac Rex	TE	2024	Brigham Young		
Mason Fairchild	TE	2024	Kansas		
Anim Dankwah	OT	2024	Howard		
Josiah Ezirim	OT	2024	Eastern Kentucky		
Matt Goncalves	OT	2024	Pittsburgh		
Donovan Jennings	OG	2024	South Florida		
Doug Nester	OG	2024	West Virginia		
Patrick Willis	OG	2024	Texas Christian		
Tuli Letuligasenoa	DT	2024	Washington		
Jordan Miller	DT	2024	SMU		
Nathan Pickering	DT	2024	Mississippi State		
Sundiata Anderson	DE	2024	Grambling State		
Zion Tupuola-Fetui	DE	2024	Washington		
Jason Johnson	LB	2024	Central Florida		
Dallas Gant	LB	2024	Toledo		
AJ Woods	CB	2024	Pittsburgh		
Beanie Bishop	CB	2024	West Virginia		
MJ Devonshire	CB	2024	Pittsburgh		
Jarius Monroe	CB	2024	Tulane		
Christian Rolland-Wallace	CB	2024	Southern California		
Ja'Quan Sheppard	CB	2024	Maryland		
Qwan'tez Stiggers	CB	2024	Toronto Argonauts		
Tyler Owens	FS	2024	Texas Tech		
Mark Perry	FS	2024	Texas Christian		
Cam Little	PK	2024	Arkansas		
Ryan Rehkow	PK	2024	Brigham Young		
Marco Ortiz	LS	2024	Nebraska		
Austin Reed	QB	2024	Western Kentucky		
Devin Leary	QB	2024	Kentucky		
Jordan Travis	QB	2024	Florida State		
Jack Plummer	QB	2024	Louisville		
David White Jr.	WR	2024	Western Carolina		
Tejhuan Palmer	WR	2024	Alabama Birmingham		
Mason Pline	TE	2024	Furman		
McCallan Castles	TE	2024	Tennessee		
Jalen Sundell	OC	2024	North Dakota State		
Julian Pearl	OT	2024	Illinois		
Hunter Nourzad	OC	2024	Penn State		
Jamree Kromah	DT	2024	James Madison		
Khristian Boyd	DT	2024	Northern Iowa		
Jowon Briggs	DT	2024	Cincinnati		
David Ugwoegbu	DE	2024	Houston		
Eyabi Okie-Anoma	DE	2024	Charlotte		
Jonah Elliss	DE	2024	Utah		
Mikey Victor	CB	2024	Alabama State		
Omar Brown	FS	2024	Nebraska		
Kenny Logan Jr.	FS	2024	Kansas		
Matthew Hayball	PK	2024	Vanderbilt		
Harrison Mevis	PK	2024	Missouri		
Joe Shimko	LS	2024	North Carolina State		
Jarvis Brownlee Jr.	CB	2024	Louisville		
Johnny Dixon	CB	2024	Penn State		
Caelen Carson	CB	2024	Wake Forest		
Jordan Jefferson	DT	2024	Louisiana State		
Nelson Ceasar	DE	2024	Houston		
LaDarius Henderson	OG	2024	Michigan		
Jackson Powers-Johnson	OG	2024	Oregon		
Layden Robinson	OG	2024	Texas A&M		
Sataoa Laumea	OG	2024	Utah		
Zach Frazier	OG	2024	West Virginia		
Will Reichard	PK	2024	Alabama		
Joshua Karty	PK	2024	Stanford		
Jontrey Hunter	LB	2024	Georgia State		
JD Bertrand	LB	2024	Notre Dame		
Jaylan Ford	LB	2024	Texas		
Ethan Driskell	OT	2024	Marshall		
Tory Taylor	PK	2024	Iowa		
Austin McNamara	PK	2024	Texas Tech		
Bo Nix	QB	2024	Oregon		
Carter Bradley	QB	2024	South Alabama		
Joe Milton III	QB	2024	Tennessee		
Michael Penix Jr.	QB	2024	Washington		
Jawhar Jordan	RB	2024	Louisville		
Rasheen Ali	RB	2024	Marshall		
Beau Brade	FS	2024	Maryland		
Malik Mustapha	FS	2024	Wake Forest		
Tez Walker	WR	2024	North Carolina		
Jordan Whittington	WR	2024	Texas		
Ainias Smith	WR	2024	Texas A&M		
Malachi Corley	WR	2024	Western Kentucky		
Jabari Small	RB	2024	Tennessee		
Caleb Williams	QB	2024	Southern California		
Drake Maye	QB	2024	North Carolina		
Marvin Harrison Jr.	WR	2024	Ohio State		
Brock Bowers	TE	2024	Georgia		
Malik Nabers	WR	2024	Louisiana State		
Jayden Daniels	QB	2024	Louisiana State		
Johnny Newton	DT	2024	Illinois		
JC Latham	OT	2024	Alabama		
Cooper DeJean	CB	2024	Iowa		
J.J. McCarthy	QB	2024	Michigan		
Graham Barton	OG	2024	Duke		
Tatum Bethune	LB	2024	Florida State		
T.J. Tampa	CB	2024	Iowa State		
Bralen Trice	DE	2024	Washington		
Jeremiah Trotter Jr.	LB	2024	Clemson		
Braelon Allen	RB	2024	Wisconsin		
Kiran Amegadjie	OT	2024	Yale		
Junior Colson	LB	2024	Michigan		
Tommy Eichenberg	LB	2024	Ohio State		
Zak Zinter	OG	2024	Michigan		
Erick All	TE	2024	Iowa		
Omar Speights	LB	2024	Louisiana State		
Jarvis Brownlee	CB	2024	Louisville		
Luke Reimer	LB	2024	Nebraska		
Nelson Ceaser	DE	2024	Houston		
Baylor Cupp	TE	2024	Texas Tech		
Khari Coleman	LB	2024	Mississippi		
Storm Duck	CB	2024	Louisville		
Rayshad Williams	CB	2024	Texas Tech		
Tra Fluellen	SS	2024	Middle Tennessee State		
Fabien Lovett Sr.	DT	2024	Florida State		
Savion Williams	WR	2024	Texas Christian		
Sincere Haynesworth	OC	2024	Tulane		
Gavin Hardison	QB	2024	UTEP		
Miyan Williams	RB	2024	Ohio State		
Brant Kuithe	TE	2024	Utah		
Logan Brown	OT	2024	Kansas		
Cameron Wire	OG	2024	Tulane		
Jase McClellan	RB	2024	Alabama		
Jack Westover	TE	2024	Washington		
Devin Culp	TE	2024	Washington		
Kamal Hadden	CB	2024	Tennessee		
Jack Ansell	PK	2024	Purdue		
Daniel Johnson	OT	2024	Purdue		
Quincy Riley	CB	2024	Louisville		
NYJReptar	XX	2024	jRutgers		
AJ Harris	WR	2024	North Park		
Zach Fortier	OT	2024	North Central		
Tyler Silverstrand	OG	2024	Judson		
Thomas Little	RB	2024	Illinois College		
Paul Garrett	RB	2024	Greenville		
Trey Madsen	WR	2024	Aurora		
James Mautino	WR	2024	Aurora		
Marcellus Romious	LB	2024	Aurora		
Tommy Coates	WR	2024	Wisconsin-Whitewater		
Jack Whyte	TE	2024	Western Illinois		
Ron Carroll	SS	2024	Saint Xavier		
Justin Pringle	WR	2024	Saint Xavier		
Tyquan Cox	RB	2024	Northern Michigan		
Deyon Campbell	WR	2024	Drake		
Clayton Bush	SS	2024	Illinois		
Jordyn Slaughter	OB	2024	Illinois		
PJ Jules	SS	2024	Southern Illinois		
Marquez McCray	QB	2024	Monmouth		
PJ Jules	SS	2024	Southern Illinois		
Jeremy Moussa	QB	2024	Florida A&M		
Qwahsin Townsel	LB	2024	Hampton		
Khadere Kounta	OT	2024	UCLA		
Brian Holloway	LB	2024	Texas State		
Jahmyl Jeter	RB	2024	Texas State		
Caleb Johnson	OT	2024	Texas State		
Sam Latham	DE	2024	Texas State		
Chance Main	DE	2024	Texas State		
Victor Obi	DE	2024	Texas State		
Jordan Revels	DE	2024	Texas State		
Brey Walker	OT	2024	Texas State		
Kaleb Ford-Dement	CB	2024	Texas State		
Shawn Holton	FS	2024	Texas State		
Michael Vinson	LS	2024	Notre Dame		
Brandon Wright	LB	2024	Michigan State		
Joe Cassidy	CB	2024	Dresden Monarchs (GFL)		
Kayode Oladele	DE	2024	Abilene Christian		
Ben Maracle	QB	2024	Ottawa		
D'Sean Mimbs	WR	2024	Regina		
Kaine Stevenson	WR	2024	Guelph		
Xavier Weaver	WR	2024	Colorado		
Kameren Stewart	OT	2024	Bowling Green		